depth_metres,twtt_seconds,interval_velocity_time_mean,vint_std,rms_velocity_time_mean,vrms_std
2.0,0.0027402172922514293,1446.0,5.0,1446.0,5.0
4.0,0.005483858100717069,1445.0,5.0,1445.0,5.0
6.0,0.008229490679016132,1444.0,5.0,1444.0,5.0
8.0,0.010972394771275979,1444.0,5.0,1444.0,5.0
10.0,0.013715319786149524,1444.0,5.0,1444.0,5.0
12.0,0.01645837498097357,1444.0,5.0,1444.0,5.0
14.0,0.019202123936478358,1444.0,5.0,1444.0,5.0
16.0,0.021946666453408387,1444.0,5.0,1444.0,5.0
18.0,0.024689969965541052,1444.0,5.0,1444.0,5.0
20.0,0.027433648946629873,1444.0,5.0,1444.0,5.0
22.0,0.03017708200826172,1444.0,5.0,1444.0,5.0
24.0,0.03292060264350901,1444.0,5.0,1444.0,5.0
26.0,0.03566417316040293,1444.0,5.0,1444.0,5.0
28.0,0.038407947795679354,1444.0,5.0,1444.0,5.0
30.0,0.04115200568600632,1444.0,5.0,1444.0,5.0
32.0,0.04389644998503926,1444.0,4.0,1444.0,5.0
34.0,0.04664125172549266,1444.0,4.0,1444.0,5.0
36.0,0.04938663351113014,1444.0,4.0,1444.0,5.0
38.0,0.05213223203976959,1444.0,4.0,1444.0,5.0
40.0,0.05487707229635772,1443.0,4.0,1444.0,5.0
42.0,0.05762197721486548,1443.0,4.0,1444.0,5.0
44.0,0.06036672454048926,1443.0,4.0,1444.0,5.0
46.0,0.06311197721220264,1443.0,4.0,1444.0,4.0
48.0,0.06585821741358443,1443.0,4.0,1444.0,4.0
50.0,0.0686047000696851,1443.0,4.0,1444.0,4.0
51.0,0.07134732750774211,1443.0,4.0,1444.0,4.0
53.0,0.07409021952977858,1443.0,3.0,1444.0,4.0
55.0,0.07683232764534967,1443.0,3.0,1444.0,4.0
57.0,0.07957381972579697,1443.0,3.0,1444.0,4.0
59.0,0.08231335974390575,1443.0,3.0,1444.0,4.0
61.0,0.08504882837105923,1444.0,3.0,1444.0,4.0
63.0,0.08778220114624795,1444.0,3.0,1444.0,4.0
65.0,0.09051305414789237,1444.0,3.0,1444.0,4.0
67.0,0.09324108753593044,1444.0,4.0,1444.0,4.0
69.0,0.09596729976609115,1444.0,4.0,1444.0,4.0
71.0,0.09869139843860578,1445.0,4.0,1444.0,4.0
73.0,0.10141345322937352,1445.0,4.0,1444.0,4.0
75.0,0.10413364196348954,1445.0,4.0,1444.0,4.0
77.0,0.10685138937820114,1445.0,4.0,1444.0,4.0
79.0,0.10956690752888716,1446.0,4.0,1444.0,3.0
81.0,0.11228050552237681,1446.0,4.0,1444.0,3.0
83.0,0.11499280845232632,1446.0,5.0,1444.0,3.0
85.0,0.11770375089760302,1447.0,5.0,1444.0,3.0
87.0,0.12041375476715813,1447.0,5.0,1444.0,3.0
89.0,0.12312294635273456,1447.0,5.0,1444.0,3.0
91.0,0.1258310618336856,1448.0,5.0,1444.0,3.0
93.0,0.12853811850195213,1448.0,5.0,1444.0,3.0
95.0,0.13124440825830158,1448.0,5.0,1444.0,3.0
97.0,0.1339500853155225,1449.0,5.0,1445.0,3.0
99.0,0.1366545475190754,1449.0,5.0,1445.0,3.0
101.0,0.13936092860471422,1449.0,5.0,1445.0,3.0
103.0,0.14206680376302186,1449.0,5.0,1445.0,3.0
105.0,0.14477175362750064,1450.0,5.0,1445.0,3.0
107.0,0.14747636036785122,1450.0,5.0,1445.0,3.0
109.0,0.15018132712997256,1450.0,5.0,1445.0,3.0
111.0,0.15288587319321112,1450.0,5.0,1445.0,3.0
113.0,0.1555899002292475,1451.0,5.0,1445.0,3.0
115.0,0.15829320064436048,1451.0,5.0,1445.0,3.0
117.0,0.1609964908425961,1451.0,5.0,1445.0,3.0
119.0,0.16369980906288828,1451.0,5.0,1446.0,3.0
121.0,0.1664029255593438,1452.0,5.0,1446.0,3.0
123.0,0.16910628569377337,1452.0,5.0,1446.0,3.0
125.0,0.17180972577631456,1452.0,5.0,1446.0,3.0
127.0,0.1745132803569198,1452.0,5.0,1446.0,3.0
129.0,0.17721698504282596,1452.0,5.0,1446.0,3.0
131.0,0.17992018083465577,1453.0,5.0,1446.0,3.0
133.0,0.18262370761507177,1453.0,5.0,1446.0,3.0
135.0,0.18532694571930844,1453.0,5.0,1446.0,3.0
137.0,0.18802999691917183,1453.0,5.0,1447.0,4.0
139.0,0.190733193952903,1453.0,5.0,1447.0,4.0
141.0,0.1934366640018656,1453.0,5.0,1447.0,4.0
143.0,0.19614091404910472,1454.0,5.0,1447.0,4.0
145.0,0.19884455583038838,1454.0,5.0,1447.0,4.0
147.0,0.20154783566530932,1454.0,5.0,1447.0,4.0
148.0,0.20425138070775045,1454.0,5.0,1447.0,4.0
150.0,0.20695602510798464,1454.0,5.0,1447.0,4.0
152.0,0.209660667720346,1454.0,5.0,1447.0,4.0
154.0,0.21236471168372453,1454.0,5.0,1447.0,4.0
156.0,0.21506936213613456,1454.0,5.0,1447.0,4.0
158.0,0.21777318758894235,1455.0,5.0,1448.0,4.0
160.0,0.220477151955471,1455.0,5.0,1448.0,4.0
162.0,0.2231806698764374,1455.0,5.0,1448.0,4.0
164.0,0.22588391948670117,1455.0,5.0,1448.0,4.0
166.0,0.22858691023030211,1455.0,5.0,1448.0,4.0
168.0,0.23128938057405488,1455.0,5.0,1448.0,4.0
170.0,0.23399183282325686,1455.0,5.0,1448.0,4.0
172.0,0.2366942766584438,1455.0,5.0,1448.0,4.0
174.0,0.23939696539214256,1455.0,5.0,1448.0,4.0
176.0,0.242099669845049,1456.0,5.0,1448.0,4.0
178.0,0.24480259840602636,1456.0,5.0,1448.0,4.0
180.0,0.24750480967485486,1456.0,5.0,1448.0,4.0
182.0,0.250206461501922,1456.0,5.0,1449.0,4.0
184.0,0.2529081896685737,1456.0,5.0,1449.0,4.0
186.0,0.255609150707184,1456.0,5.0,1449.0,4.0
188.0,0.2583092070332741,1456.0,5.0,1449.0,4.0
190.0,0.261009078926189,1456.0,5.0,1449.0,4.0
192.0,0.2637090282340056,1456.0,5.0,1449.0,4.0
194.0,0.26640934383969883,1456.0,5.0,1449.0,4.0
196.0,0.2691092535617473,1457.0,4.0,1449.0,4.0
198.0,0.27180838008208424,1457.0,4.0,1449.0,4.0
200.0,0.2745114548555681,1457.0,4.0,1449.0,4.0
202.0,0.27721488197809246,1457.0,4.0,1449.0,4.0
204.0,0.279917992505703,1457.0,4.0,1449.0,4.0
206.0,0.28262127434060474,1457.0,4.0,1449.0,4.0
208.0,0.2853240889890252,1457.0,4.0,1450.0,4.0
210.0,0.2880265160197549,1457.0,4.0,1450.0,4.0
212.0,0.2907292886528293,1457.0,4.0,1450.0,4.0
214.0,0.29343134412375027,1457.0,4.0,1450.0,4.0
216.0,0.2961330823248618,1457.0,4.0,1450.0,4.0
218.0,0.2988354723487359,1457.0,4.0,1450.0,4.0
220.0,0.30153732178938525,1457.0,4.0,1450.0,4.0
222.0,0.3042377071309015,1457.0,4.0,1450.0,4.0
224.0,0.3069377813842082,1457.0,4.0,1450.0,4.0
226.0,0.309638095656088,1458.0,4.0,1450.0,4.0
228.0,0.31233837018141114,1458.0,4.0,1450.0,4.0
230.0,0.31503898426281707,1458.0,4.0,1450.0,4.0
232.0,0.31773945155209,1458.0,4.0,1450.0,4.0
234.0,0.3204393902909483,1458.0,4.0,1450.0,4.0
236.0,0.32313969114587826,1458.0,4.0,1451.0,4.0
238.0,0.32583963664108184,1458.0,4.0,1451.0,4.0
240.0,0.3285396165852432,1458.0,4.0,1451.0,4.0
241.0,0.3312395972642408,1458.0,4.0,1451.0,4.0
243.0,0.3339394783858501,1458.0,4.0,1451.0,4.0
245.0,0.3366393927102529,1458.0,4.0,1451.0,4.0
247.0,0.33933876471354024,1458.0,4.0,1451.0,4.0
249.0,0.34203819902653576,1458.0,4.0,1451.0,4.0
251.0,0.3447374757895118,1458.0,4.0,1451.0,4.0
253.0,0.34743660701190343,1458.0,4.0,1451.0,4.0
255.0,0.3501362839233292,1458.0,4.0,1451.0,4.0
257.0,0.3528355642644331,1459.0,4.0,1451.0,4.0
259.0,0.35553396767700907,1459.0,4.0,1451.0,4.0
261.0,0.358232512610712,1459.0,3.0,1451.0,4.0
263.0,0.3609307753689044,1459.0,3.0,1451.0,4.0
265.0,0.36362884883109325,1459.0,3.0,1451.0,4.0
267.0,0.36632673140036304,1459.0,3.0,1451.0,4.0
269.0,0.3690243037176832,1459.0,3.0,1452.0,4.0
271.0,0.37172174672725367,1459.0,3.0,1452.0,4.0
273.0,0.37441896592730356,1459.0,3.0,1452.0,4.0
275.0,0.3771164722290053,1459.0,3.0,1452.0,4.0
277.0,0.3798144137482659,1459.0,3.0,1452.0,4.0
279.0,0.38251183355042034,1459.0,3.0,1452.0,4.0
281.0,0.3852085086726702,1459.0,3.0,1452.0,4.0
283.0,0.3879052080928107,1459.0,3.0,1452.0,4.0
285.0,0.39060174015314647,1459.0,3.0,1452.0,4.0
287.0,0.39329781941943176,1459.0,3.0,1452.0,4.0
289.0,0.3959939657980043,1459.0,3.0,1452.0,4.0
291.0,0.3986901053925216,1459.0,3.0,1452.0,4.0
293.0,0.40138575387384146,1459.0,3.0,1452.0,4.0
295.0,0.40408077077111954,1460.0,3.0,1452.0,4.0
297.0,0.40677599127366115,1460.0,3.0,1452.0,4.0
299.0,0.40947387175943284,1460.0,3.0,1452.0,4.0
301.0,0.41217175138474127,1460.0,3.0,1452.0,4.0
303.0,0.4148677276020469,1460.0,3.0,1452.0,4.0
305.0,0.41756616730611174,1460.0,3.0,1452.0,4.0
307.0,0.4202632263412452,1460.0,3.0,1452.0,4.0
309.0,0.42296153467778813,1460.0,3.0,1453.0,4.0
311.0,0.4256588541190159,1460.0,3.0,1453.0,4.0
313.0,0.428353729449447,1460.0,3.0,1453.0,4.0
315.0,0.4310505861911789,1460.0,3.0,1453.0,4.0
317.0,0.4337467227420513,1460.0,3.0,1453.0,4.0
319.0,0.43644317855025644,1460.0,3.0,1453.0,4.0
321.0,0.43914090586043164,1460.0,3.0,1453.0,4.0
323.0,0.44183743543088383,1460.0,3.0,1453.0,4.0
325.0,0.44453373862589884,1460.0,3.0,1453.0,4.0
327.0,0.4472298140851518,1460.0,3.0,1453.0,4.0
329.0,0.4499256414473965,1460.0,3.0,1453.0,3.0
330.0,0.45262244460457574,1460.0,3.0,1453.0,3.0
332.0,0.4553182468075211,1460.0,3.0,1453.0,3.0
334.0,0.458010186087417,1460.0,3.0,1453.0,3.0
336.0,0.4607061926444796,1460.0,3.0,1453.0,3.0
338.0,0.4634026515227397,1460.0,3.0,1453.0,3.0
340.0,0.46609779252188877,1461.0,3.0,1453.0,3.0
342.0,0.4687932477827525,1461.0,3.0,1453.0,3.0
344.0,0.4714878425335023,1461.0,3.0,1453.0,3.0
346.0,0.4741834617773771,1461.0,3.0,1453.0,3.0
348.0,0.47687892962621703,1461.0,3.0,1453.0,3.0
350.0,0.47957164212800407,1461.0,3.0,1453.0,3.0
352.0,0.4822684315106084,1461.0,3.0,1453.0,3.0
354.0,0.4849638989131703,1461.0,3.0,1454.0,3.0
356.0,0.48765667609971336,1461.0,3.0,1454.0,3.0
358.0,0.4903507002497189,1461.0,3.0,1454.0,3.0
360.0,0.4930458551255085,1461.0,3.0,1454.0,3.0
362.0,0.4957389802489431,1461.0,3.0,1454.0,3.0
364.0,0.4984347909128863,1461.0,3.0,1454.0,3.0
366.0,0.5011264915146089,1461.0,3.0,1454.0,3.0
368.0,0.5038186552839103,1461.0,3.0,1454.0,3.0
370.0,0.5065150655537359,1461.0,3.0,1454.0,3.0
372.0,0.5092099665699846,1461.0,3.0,1454.0,3.0
374.0,0.5119033110670161,1461.0,2.0,1454.0,3.0
376.0,0.5145972017602791,1461.0,2.0,1454.0,3.0
378.0,0.5172924549643589,1461.0,2.0,1454.0,3.0
380.0,0.5199868928142617,1461.0,2.0,1454.0,3.0
382.0,0.5226806195448443,1461.0,2.0,1454.0,3.0
384.0,0.5253745625135076,1461.0,2.0,1454.0,3.0
386.0,0.528066555503202,1461.0,2.0,1454.0,3.0
388.0,0.5307584714774866,1461.0,2.0,1454.0,3.0
390.0,0.5334547773356259,1461.0,2.0,1454.0,3.0
392.0,0.5361450508008933,1461.0,2.0,1454.0,3.0
394.0,0.5388331443608246,1461.0,2.0,1454.0,3.0
396.0,0.5415249158454595,1462.0,2.0,1454.0,3.0
398.0,0.5442157638033511,1462.0,2.0,1454.0,3.0
400.0,0.5469072129661313,1462.0,2.0,1454.0,3.0
402.0,0.5495964964416405,1462.0,2.0,1454.0,3.0
404.0,0.5522880124558298,1462.0,2.0,1454.0,3.0
406.0,0.5549809296820152,1462.0,2.0,1454.0,3.0
408.0,0.5576722093689476,1462.0,2.0,1454.0,3.0
410.0,0.5603657901112257,1462.0,2.0,1454.0,3.0
412.0,0.5630555516505018,1462.0,2.0,1455.0,3.0
414.0,0.5657463136077863,1462.0,2.0,1455.0,3.0
415.0,0.5684379943651268,1462.0,2.0,1455.0,3.0
417.0,0.5711317332136975,1462.0,2.0,1455.0,3.0
419.0,0.5738183882958103,1462.0,2.0,1455.0,3.0
421.0,0.5765100362300154,1462.0,2.0,1455.0,3.0
423.0,0.5792013677309857,1462.0,2.0,1455.0,3.0
425.0,0.5818938604773713,1462.0,2.0,1455.0,3.0
427.0,0.5845839362663932,1462.0,2.0,1455.0,3.0
429.0,0.5872754191577472,1462.0,2.0,1455.0,3.0
431.0,0.5899635051116223,1462.0,2.0,1455.0,3.0
433.0,0.5926533915343273,1462.0,2.0,1455.0,3.0
435.0,0.595342759640707,1462.0,2.0,1455.0,3.0
437.0,0.5980333881818761,1462.0,2.0,1455.0,3.0
439.0,0.6007246883062752,1462.0,2.0,1455.0,3.0
441.0,0.603418034211135,1462.0,2.0,1455.0,3.0
443.0,0.6061074403154606,1462.0,2.0,1455.0,3.0
445.0,0.6087943206922579,1462.0,2.0,1455.0,3.0
447.0,0.611481931428768,1462.0,2.0,1455.0,3.0
449.0,0.6141708363644024,1462.0,2.0,1455.0,3.0
451.0,0.6168605162573647,1462.0,2.0,1455.0,3.0
453.0,0.6195481618337476,1462.0,2.0,1455.0,3.0
455.0,0.6222364425569753,1463.0,2.0,1455.0,3.0
457.0,0.6249289951206,1463.0,2.0,1455.0,3.0
459.0,0.6276189278832877,1463.0,2.0,1455.0,3.0
461.0,0.6303071156519982,1463.0,2.0,1455.0,3.0
463.0,0.6329987875652613,1463.0,2.0,1455.0,3.0
465.0,0.6356878662284169,1463.0,2.0,1455.0,3.0
467.0,0.6383782305249168,1463.0,2.0,1455.0,3.0
469.0,0.6410649480108104,1463.0,2.0,1455.0,3.0
471.0,0.6437525462052397,1463.0,2.0,1455.0,3.0
473.0,0.6464419449748336,1463.0,2.0,1455.0,3.0
475.0,0.6491276120063598,1463.0,2.0,1455.0,3.0
477.0,0.651814970642398,1463.0,2.0,1455.0,3.0
479.0,0.6545000095173054,1463.0,2.0,1455.0,3.0
481.0,0.6571895071477518,1463.0,2.0,1455.0,3.0
483.0,0.6598768430666797,1463.0,2.0,1455.0,3.0
485.0,0.6625632849402032,1463.0,2.0,1455.0,3.0
487.0,0.6652504995084857,1463.0,2.0,1455.0,3.0
489.0,0.6679380047208366,1463.0,2.0,1456.0,3.0
491.0,0.6706248875808161,1463.0,2.0,1456.0,3.0
493.0,0.6733059247939307,1463.0,2.0,1456.0,3.0
495.0,0.6759932290541517,1463.0,2.0,1456.0,3.0
497.0,0.6786856295714223,1463.0,2.0,1456.0,3.0
498.0,0.6813722424933226,1463.0,2.0,1456.0,3.0
500.0,0.6840580217759687,1463.0,2.0,1456.0,3.0
502.0,0.686748065038213,1463.0,2.0,1456.0,3.0
504.0,0.6894348415279149,1463.0,2.0,1456.0,3.0
506.0,0.6921193192093646,1463.0,2.0,1456.0,3.0
508.0,0.694805565982086,1463.0,2.0,1456.0,3.0
510.0,0.697492583550083,1463.0,2.0,1456.0,3.0
512.0,0.700180366166528,1463.0,2.0,1456.0,3.0
514.0,0.7028631377261197,1463.0,2.0,1456.0,3.0
516.0,0.7055502514615046,1463.0,2.0,1456.0,3.0
518.0,0.7082377859769116,1463.0,2.0,1456.0,3.0
520.0,0.7109210023429686,1464.0,2.0,1456.0,3.0
522.0,0.7136063717287117,1464.0,2.0,1456.0,3.0
524.0,0.7162917913669254,1464.0,2.0,1456.0,3.0
526.0,0.718973839597179,1464.0,2.0,1456.0,3.0
528.0,0.7216567946238253,1464.0,2.0,1456.0,3.0
530.0,0.7243371240377886,1464.0,2.0,1456.0,3.0
532.0,0.7270251897855571,1464.0,2.0,1456.0,3.0
534.0,0.7297138131070983,1464.0,2.0,1456.0,3.0
536.0,0.7323990255384385,1464.0,2.0,1456.0,3.0
538.0,0.7350833977900599,1464.0,2.0,1456.0,3.0
540.0,0.7377665105291688,1464.0,2.0,1456.0,3.0
542.0,0.7404521637779063,1464.0,2.0,1456.0,3.0
544.0,0.743136068969586,1464.0,2.0,1456.0,3.0
546.0,0.745816306390779,1464.0,2.0,1456.0,3.0
548.0,0.7484936633081513,1464.0,2.0,1456.0,3.0
550.0,0.7511787536493969,1464.0,2.0,1456.0,3.0
552.0,0.753859473187435,1464.0,2.0,1456.0,3.0
554.0,0.7565425234472964,1464.0,2.0,1456.0,3.0
556.0,0.7592244645304744,1464.0,2.0,1456.0,3.0
558.0,0.76190743087716,1464.0,2.0,1456.0,3.0
560.0,0.7645882126749591,1464.0,2.0,1456.0,3.0
562.0,0.7672723374926441,1464.0,2.0,1456.0,3.0
564.0,0.7699588861641101,1464.0,2.0,1456.0,3.0
566.0,0.7726426043352814,1464.0,2.0,1456.0,3.0
568.0,0.7753298211952092,1464.0,2.0,1456.0,3.0
570.0,0.7780061433029606,1464.0,2.0,1456.0,3.0
572.0,0.7806823323143132,1464.0,2.0,1456.0,3.0
574.0,0.7833652771334868,1464.0,2.0,1456.0,3.0
576.0,0.7860524043335622,1464.0,2.0,1456.0,3.0
578.0,0.7887359793912647,1464.0,2.0,1456.0,3.0
579.0,0.791413643008324,1464.0,2.0,1456.0,3.0
581.0,0.7940972134773894,1464.0,2.0,1456.0,3.0
583.0,0.7967820890816185,1464.0,2.0,1456.0,3.0
585.0,0.7994648781895225,1464.0,2.0,1456.0,3.0
587.0,0.802148766631179,1465.0,2.0,1456.0,3.0
589.0,0.8048268523509091,1465.0,2.0,1456.0,3.0
591.0,0.8075097356733261,1465.0,2.0,1456.0,3.0
593.0,0.8101884954111054,1465.0,2.0,1456.0,3.0
595.0,0.8128689665003902,1465.0,2.0,1456.0,3.0
597.0,0.8155557471900786,1465.0,2.0,1456.0,3.0
599.0,0.818229904430128,1465.0,2.0,1456.0,3.0
601.0,0.8209131877792438,1465.0,2.0,1456.0,3.0
603.0,0.8235907045009719,1465.0,2.0,1457.0,3.0
605.0,0.826274848387007,1465.0,2.0,1457.0,3.0
607.0,0.8289574841739671,1465.0,2.0,1457.0,3.0
609.0,0.8316370711249524,1465.0,2.0,1457.0,3.0
611.0,0.8343146134815494,1465.0,2.0,1457.0,3.0
613.0,0.8369966130327429,1465.0,2.0,1457.0,3.0
615.0,0.8396749863196404,1465.0,2.0,1457.0,3.0
617.0,0.8423506111358593,1465.0,2.0,1457.0,3.0
619.0,0.845037125621918,1465.0,2.0,1457.0,3.0
621.0,0.8477194918961064,1465.0,2.0,1457.0,3.0
623.0,0.8503970000814584,1465.0,2.0,1457.0,3.0
625.0,0.8530765339838505,1465.0,2.0,1457.0,3.0
627.0,0.8557519319505549,1465.0,2.0,1457.0,3.0
629.0,0.8584327090640713,1465.0,2.0,1457.0,3.0
631.0,0.861107868083973,1465.0,2.0,1457.0,3.0
633.0,0.8637864691412465,1465.0,2.0,1457.0,3.0
635.0,0.8664704697276945,1465.0,2.0,1457.0,3.0
637.0,0.8691487700695105,1465.0,2.0,1457.0,3.0
639.0,0.8718193024402155,1465.0,2.0,1457.0,3.0
641.0,0.8744962933479146,1465.0,2.0,1457.0,3.0
643.0,0.8771718757215466,1465.0,2.0,1457.0,3.0
645.0,0.8798522378482663,1465.0,2.0,1457.0,3.0
647.0,0.8825284934178684,1465.0,2.0,1457.0,3.0
649.0,0.8852063743326104,1465.0,2.0,1457.0,3.0
651.0,0.8878769851548102,1465.0,2.0,1457.0,3.0
653.0,0.8905526782080034,1465.0,2.0,1457.0,3.0
655.0,0.8932324431196704,1465.0,2.0,1457.0,3.0
656.0,0.8959124381261867,1466.0,2.0,1457.0,3.0
658.0,0.8985856524698157,1466.0,2.0,1457.0,3.0
660.0,0.9012632148691175,1466.0,2.0,1457.0,3.0
662.0,0.9039410089891596,1466.0,2.0,1457.0,3.0
664.0,0.9066226349051607,1466.0,2.0,1457.0,3.0
666.0,0.909299265302541,1466.0,2.0,1457.0,3.0
668.0,0.9119807709870159,1466.0,2.0,1457.0,3.0
670.0,0.9146583618431962,1466.0,2.0,1457.0,3.0
672.0,0.9173307269832006,1466.0,2.0,1457.0,3.0
674.0,0.9200096331158217,1466.0,2.0,1457.0,3.0
676.0,0.9226858499766302,1466.0,2.0,1457.0,3.0
678.0,0.9253681634528707,1466.0,2.0,1457.0,3.0
680.0,0.9280451581088589,1466.0,2.0,1457.0,3.0
682.0,0.9307245727474297,1466.0,2.0,1457.0,3.0
684.0,0.9334022351012151,1466.0,2.0,1457.0,3.0
686.0,0.9360859167042035,1466.0,2.0,1457.0,3.0
688.0,0.9387693311630342,1466.0,2.0,1457.0,3.0
690.0,0.9414500214233131,1466.0,2.0,1457.0,3.0
692.0,0.9441258168022922,1466.0,2.0,1457.0,3.0
694.0,0.9467987391765262,1466.0,2.0,1457.0,3.0
696.0,0.9494728290274731,1466.0,2.0,1457.0,3.0
698.0,0.9521484743840986,1466.0,2.0,1457.0,3.0
700.0,0.9548240764546606,1466.0,2.0,1457.0,3.0
702.0,0.9575017351179268,1466.0,2.0,1457.0,3.0
704.0,0.9601778270143031,1466.0,2.0,1457.0,3.0
706.0,0.9628523093353318,1466.0,2.0,1457.0,3.0
708.0,0.9655238134488006,1466.0,2.0,1457.0,3.0
710.0,0.9681979215345845,1466.0,2.0,1457.0,3.0
712.0,0.9708731446506945,1466.0,2.0,1457.0,3.0
714.0,0.9735500752591411,1466.0,2.0,1457.0,3.0
716.0,0.9762285270675735,1466.0,2.0,1457.0,3.0
718.0,0.9789065309731327,1466.0,2.0,1457.0,3.0
720.0,0.981580279484375,1466.0,2.0,1457.0,3.0
722.0,0.9842577038093743,1466.0,2.0,1457.0,3.0
724.0,0.9869343546378121,1466.0,2.0,1457.0,3.0
726.0,0.9896111229510035,1466.0,2.0,1457.0,3.0
728.0,0.9922835594986475,1466.0,2.0,1457.0,3.0
730.0,0.994954780961575,1466.0,2.0,1457.0,3.0
731.0,0.9976231814978895,1466.0,2.0,1457.0,3.0
733.0,1.0002997725586806,1466.0,2.0,1457.0,3.0
735.0,1.0029664585796263,1467.0,2.0,1457.0,3.0
737.0,1.005640742684374,1467.0,2.0,1457.0,3.0
739.0,1.0083143208671237,1467.0,2.0,1457.0,3.0
741.0,1.0109919396033384,1467.0,2.0,1457.0,3.0
743.0,1.0136718174550114,1467.0,2.0,1457.0,3.0
745.0,1.0163417876143137,1467.0,2.0,1457.0,3.0
747.0,1.0190203247529872,1467.0,2.0,1457.0,3.0
749.0,1.0216949403441005,1467.0,2.0,1457.0,3.0
751.0,1.0243648937314787,1467.0,2.0,1457.0,3.0
753.0,1.027039762779885,1467.0,2.0,1457.0,3.0
755.0,1.0297084633769413,1467.0,2.0,1457.0,3.0
757.0,1.0323831655344617,1467.0,2.0,1457.0,3.0
759.0,1.035059169428012,1467.0,2.0,1457.0,3.0
761.0,1.0377310970081854,1467.0,2.0,1457.0,3.0
763.0,1.0404076575949004,1467.0,2.0,1457.0,3.0
765.0,1.0430759571834014,1467.0,2.0,1457.0,3.0
767.0,1.0457430763625502,1467.0,2.0,1457.0,3.0
769.0,1.0484192064363305,1467.0,2.0,1457.0,3.0
771.0,1.0510899889450682,1467.0,2.0,1457.0,3.0
773.0,1.053763590381074,1467.0,2.0,1457.0,3.0
775.0,1.056438348759594,1467.0,2.0,1457.0,3.0
777.0,1.0591124053422238,1467.0,2.0,1457.0,3.0
779.0,1.0617814322423744,1467.0,2.0,1457.0,3.0
781.0,1.0644523774577124,1467.0,2.0,1457.0,3.0
783.0,1.0671396689666046,1467.0,2.0,1457.0,3.0
785.0,1.0698173191014169,1467.0,2.0,1457.0,3.0
787.0,1.0724926115939601,1467.0,2.0,1457.0,3.0
789.0,1.0751744552548743,1467.0,2.0,1457.0,3.0
791.0,1.0778496273537903,1467.0,2.0,1457.0,3.0
793.0,1.08052379276893,1467.0,2.0,1457.0,3.0
795.0,1.0832028810240322,1467.0,2.0,1457.0,3.0
797.0,1.0858727545368112,1467.0,2.0,1457.0,3.0
799.0,1.0885379162953686,1467.0,2.0,1457.0,3.0
801.0,1.091203169406534,1467.0,2.0,1457.0,3.0
803.0,1.093871889540457,1467.0,2.0,1457.0,3.0
804.0,1.0965409536692943,1467.0,2.0,1457.0,3.0
806.0,1.0992182993171735,1467.0,2.0,1457.0,3.0
808.0,1.1018939216317376,1467.0,2.0,1458.0,3.0
810.0,1.104563071591312,1467.0,2.0,1458.0,3.0
812.0,1.107232954485531,1467.0,2.0,1458.0,3.0
814.0,1.109912560044783,1467.0,2.0,1458.0,3.0
816.0,1.1125733966656695,1467.0,2.0,1458.0,3.0
818.0,1.1152393473066164,1468.0,2.0,1458.0,3.0
820.0,1.1179085367236528,1468.0,2.0,1458.0,3.0
822.0,1.1205756151468507,1468.0,2.0,1458.0,3.0
824.0,1.123241811385977,1468.0,2.0,1458.0,3.0
826.0,1.1259141221398632,1468.0,2.0,1458.0,3.0
828.0,1.1285824017909816,1468.0,2.0,1458.0,3.0
830.0,1.1312623730110978,1468.0,2.0,1458.0,3.0
832.0,1.133929371904168,1468.0,2.0,1458.0,3.0
834.0,1.1365855087831211,1468.0,2.0,1458.0,4.0
836.0,1.1392599740405938,1468.0,2.0,1458.0,4.0
838.0,1.1419319808545867,1468.0,2.0,1458.0,4.0
840.0,1.1446051205184564,1468.0,2.0,1458.0,4.0
842.0,1.1472717193674435,1468.0,2.0,1458.0,4.0
844.0,1.149944900964993,1468.0,2.0,1458.0,4.0
846.0,1.152611641693133,1468.0,2.0,1458.0,4.0
848.0,1.1552749586928646,1468.0,2.0,1458.0,4.0
850.0,1.1579436195209907,1468.0,2.0,1458.0,4.0
852.0,1.1606100158341939,1468.0,2.0,1458.0,4.0
854.0,1.1632763621306996,1468.0,2.0,1458.0,4.0
856.0,1.1659396015927939,1468.0,2.0,1458.0,4.0
858.0,1.1686122092958025,1468.0,2.0,1458.0,4.0
860.0,1.1712775911267366,1468.0,2.0,1458.0,4.0
862.0,1.1739552903649075,1468.0,2.0,1458.0,4.0
864.0,1.1766210063065803,1468.0,2.0,1458.0,4.0
866.0,1.1792803806743646,1468.0,2.0,1458.0,4.0
868.0,1.1819428370961949,1468.0,2.0,1458.0,4.0
870.0,1.184609210815126,1468.0,2.0,1458.0,4.0
872.0,1.187280583829843,1468.0,2.0,1458.0,4.0
874.0,1.1899530912574952,1468.0,2.0,1458.0,4.0
876.0,1.1926172525238525,1468.0,2.0,1458.0,4.0
877.0,1.1952815975485669,1468.0,2.0,1458.0,4.0
879.0,1.1979460727069189,1468.0,2.0,1458.0,4.0
881.0,1.200607906690199,1468.0,2.0,1458.0,4.0
883.0,1.2032762912084447,1468.0,2.0,1458.0,4.0
885.0,1.2059398296594417,1468.0,2.0,1458.0,4.0
887.0,1.2086078312821413,1468.0,2.0,1458.0,4.0
889.0,1.2112776531940268,1468.0,2.0,1458.0,4.0
891.0,1.2139400624623105,1468.0,2.0,1458.0,4.0
893.0,1.2166032260790194,1468.0,2.0,1458.0,4.0
895.0,1.2192826600763433,1468.0,2.0,1458.0,4.0
897.0,1.2219589771848371,1468.0,2.0,1458.0,4.0
899.0,1.2246233462765235,1468.0,2.0,1458.0,4.0
901.0,1.2272871600800366,1469.0,2.0,1458.0,4.0
903.0,1.2299504426050996,1469.0,2.0,1458.0,4.0
905.0,1.2326119129153088,1469.0,2.0,1458.0,4.0
907.0,1.2352826343270418,1469.0,2.0,1458.0,4.0
909.0,1.237943200006667,1469.0,2.0,1458.0,4.0
911.0,1.2406071373311052,1469.0,2.0,1458.0,4.0
913.0,1.2432866150476127,1469.0,2.0,1458.0,4.0
915.0,1.2459566568959421,1469.0,2.0,1458.0,4.0
917.0,1.2486240811981268,1469.0,2.0,1458.0,4.0
919.0,1.2512863303942854,1469.0,2.0,1458.0,4.0
921.0,1.2539489784128308,1469.0,2.0,1458.0,4.0
923.0,1.256611480902598,1469.0,2.0,1458.0,4.0
925.0,1.2592816723597102,1469.0,2.0,1458.0,4.0
927.0,1.2619417028811668,1469.0,2.0,1458.0,4.0
929.0,1.2646031516091538,1469.0,2.0,1458.0,4.0
931.0,1.2672737671673977,1469.0,2.0,1458.0,4.0
933.0,1.26993623960837,1469.0,2.0,1458.0,4.0
935.0,1.2725987463389485,1469.0,2.0,1458.0,4.0
937.0,1.2752646643586607,1469.0,2.0,1458.0,4.0
939.0,1.2779260609811922,1469.0,2.0,1458.0,4.0
941.0,1.2805868204516069,1469.0,2.0,1458.0,4.0
943.0,1.2832541082978628,1469.0,2.0,1458.0,4.0
945.0,1.2859209025611125,1469.0,2.0,1458.0,4.0
946.0,1.2885814527172643,1469.0,2.0,1458.0,4.0
948.0,1.2912522023259234,1469.0,2.0,1458.0,4.0
950.0,1.2939262714282664,1469.0,2.0,1458.0,4.0
952.0,1.296587346488394,1469.0,2.0,1458.0,4.0
954.0,1.2992584613522415,1469.0,2.0,1458.0,4.0
956.0,1.3019184230401775,1469.0,2.0,1458.0,4.0
958.0,1.3045779009561427,1469.0,2.0,1458.0,4.0
960.0,1.3072381388688987,1469.0,2.0,1458.0,4.0
962.0,1.3098896260817108,1469.0,2.0,1458.0,4.0
964.0,1.3125548057542071,1469.0,2.0,1458.0,4.0
966.0,1.3152294119219148,1469.0,2.0,1458.0,4.0
968.0,1.3178991597894858,1469.0,2.0,1458.0,4.0
970.0,1.3205588093415723,1469.0,2.0,1458.0,4.0
972.0,1.323217701845284,1469.0,2.0,1458.0,4.0
974.0,1.3258758671829505,1469.0,2.0,1458.0,4.0
976.0,1.328535109924998,1469.0,2.0,1458.0,4.0
978.0,1.3311940376999967,1469.0,2.0,1458.0,4.0
980.0,1.3338530480925992,1469.0,2.0,1458.0,4.0
982.0,1.3365041559361026,1469.0,2.0,1458.0,4.0
984.0,1.3391622638378846,1469.0,2.0,1458.0,4.0
986.0,1.341889432352119,1469.0,2.0,1458.0,4.0
988.0,1.3446104898784081,1469.0,2.0,1458.0,4.0
